ASIN,ツールアクション,ステータス,出品URL,エラー詳細,Amazon Title,Amazon Description,Amazon Price,Amazon Profit,Amazon Prime,Amazon Availability,Amazon Delivery,Amazon Category1,Amazon Category2,Amazon Category3,Amazon Image0,Amazon Image1,Amazon Image2,Amazon Image3,Amazon Image4,Amazon Image5,Amazon Image6,Amazon Image7,Amazon Image8,Amazon Image9
B07Q22R8SC,出品,,,,,,,,,,,,,,,,,,,,,,,
B0BD21HPBB,出品,,,,,,,,,,,,,,,,,,,,,,,
B07SG5QLL6,出品,,,,,,,,,,,,,,,,,,,,,,,
B06W9JDCZV,出品,,,,,,,,,,,,,,,,,,,,,,,
B07V1C9559,出品,,,,,,,,,,,,,,,,,,,,,,,
B07W6Z1JQC,出品,,,,,,,,,,,,,,,,,,,,,,,
B006OUYJ0W,出品,,,,,,,,,,,,,,,,,,,,,,,
B00FVHNC9S,出品,,,,,,,,,,,,,,,,,,,,,,,
B094DHYT9Q,出品,,,,,,,,,,,,,,,,,,,,,,,
B0744LHPBM,出品,,,,,,,,,,,,,,,,,,,,,,,
B0869299HR,出品,,,,,,,,,,,,,,,,,,,,,,,
B08B8YLFHK,出品,,,,,,,,,,,,,,,,,,,,,,,
